[{"model": "admin.logentry", "pk": 1, "fields": {"action_time": "2024-09-11T20:08:52.091Z", "user": 1, "content_type": 10, "object_id": "1", "object_repr": "id = 1, numbe r= 1", "action_flag": 1, "change_message": "[{\"added\": {}}]"}}, {"model": "admin.logentry", "pk": 2, "fields": {"action_time": "2024-09-11T20:09:16.626Z", "user": 1, "content_type": 10, "object_id": "2", "object_repr": "id = 2, numbe r= 2", "action_flag": 1, "change_message": "[{\"added\": {}}]"}}, {"model": "admin.logentry", "pk": 3, "fields": {"action_time": "2024-09-11T20:09:34.480Z", "user": 1, "content_type": 10, "object_id": "3", "object_repr": "id = 3, numbe r= 3", "action_flag": 1, "change_message": "[{\"added\": {}}]"}}, {"model": "admin.logentry", "pk": 4, "fields": {"action_time": "2024-09-11T20:10:56.482Z", "user": 1, "content_type": 10, "object_id": "4", "object_repr": "id = 4, numbe r= 4", "action_flag": 1, "change_message": "[{\"added\": {}}]"}}, {"model": "admin.logentry", "pk": 5, "fields": {"action_time": "2024-09-11T20:11:21.008Z", "user": 1, "content_type": 10, "object_id": "5", "object_repr": "id = 5, numbe r= 5", "action_flag": 1, "change_message": "[{\"added\": {}}]"}}, {"model": "admin.logentry", "pk": 6, "fields": {"action_time": "2024-09-11T20:11:42.724Z", "user": 1, "content_type": 10, "object_id": "6", "object_repr": "id = 6, numbe r= 6", "action_flag": 1, "change_message": "[{\"added\": {}}]"}}, {"model": "admin.logentry", "pk": 7, "fields": {"action_time": "2024-09-11T20:11:59.157Z", "user": 1, "content_type": 10, "object_id": "7", "object_repr": "id = 7, numbe r= 7", "action_flag": 1, "change_message": "[{\"added\": {}}]"}}, {"model": "admin.logentry", "pk": 8, "fields": {"action_time": "2024-09-11T20:12:52.263Z", "user": 1, "content_type": 10, "object_id": "8", "object_repr": "id = 8, numbe r= 8", "action_flag": 1, "change_message": "[{\"added\": {}}]"}}, {"model": "admin.logentry", "pk": 9, "fields": {"action_time": "2024-09-11T20:13:15.655Z", "user": 1, "content_type": 10, "object_id": "9", "object_repr": "id = 9, numbe r= 9", "action_flag": 1, "change_message": "[{\"added\": {}}]"}}, {"model": "admin.logentry", "pk": 10, "fields": {"action_time": "2024-09-11T20:13:36.949Z", "user": 1, "content_type": 10, "object_id": "10", "object_repr": "id = 10, numbe r= 10", "action_flag": 1, "change_message": "[{\"added\": {}}]"}}, {"model": "admin.logentry", "pk": 11, "fields": {"action_time": "2024-09-11T20:14:29.617Z", "user": 1, "content_type": 10, "object_id": "11", "object_repr": "id = 11, numbe r= 11", "action_flag": 1, "change_message": "[{\"added\": {}}]"}}, {"model": "admin.logentry", "pk": 12, "fields": {"action_time": "2024-09-11T20:14:43.460Z", "user": 1, "content_type": 10, "object_id": "12", "object_repr": "id = 12, numbe r= 12", "action_flag": 1, "change_message": "[{\"added\": {}}]"}}, {"model": "admin.logentry", "pk": 13, "fields": {"action_time": "2024-09-11T20:15:08.089Z", "user": 1, "content_type": 10, "object_id": "13", "object_repr": "id = 13, numbe r= 13", "action_flag": 1, "change_message": "[{\"added\": {}}]"}}, {"model": "admin.logentry", "pk": 14, "fields": {"action_time": "2024-09-11T20:15:34.883Z", "user": 1, "content_type": 10, "object_id": "14", "object_repr": "id = 14, numbe r= 14", "action_flag": 1, "change_message": "[{\"added\": {}}]"}}, {"model": "admin.logentry", "pk": 15, "fields": {"action_time": "2024-09-11T20:16:49.027Z", "user": 1, "content_type": 9, "object_id": "1", "object_repr": "home-about: Мы - ресторан, специализирующийся на рыбных блюдах.\r\n            У нас есть любая рыба, которую вы можете вообразить: от вяленой корюшки до рыбы фугу.\r\n            Моллюски, креветки, осьм", "action_flag": 1, "change_message": "[{\"added\": {}}]"}}, {"model": "admin.logentry", "pk": 16, "fields": {"action_time": "2024-09-11T20:17:47.186Z", "user": 1, "content_type": 9, "object_id": "2", "object_repr": "home-offer: В нашем ассортименте блюда из рыбы 40 морей и 5 океанов.\r\n            Закажите столик - и мы будем ждать вас в назначенное время.\r\n            У нас имеется отдельный зал для проведения то", "action_flag": 1, "change_message": "[{\"added\": {}}]"}}, {"model": "admin.logentry", "pk": 17, "fields": {"action_time": "2024-09-11T20:18:27.168Z", "user": 1, "content_type": 9, "object_id": "3", "object_repr": "home-adress: Наш адрес: Санкт-Петербург, Невский проспект 6822, 1 этаж, телефон 89998887766", "action_flag": 1, "change_message": "[{\"added\": {}}]"}}, {"model": "admin.logentry", "pk": 18, "fields": {"action_time": "2024-09-11T20:19:40.670Z", "user": 1, "content_type": 9, "object_id": "4", "object_repr": "about_us-mission-part: <b>Миссия нашего ресторана</b> - создавать атмосферу уюта и комфорта для посетителей,\r\n                    предлагая им блюда высокой кухни и качественное обслуживание.\r\n     ", "action_flag": 1, "change_message": "[{\"added\": {}}]"}}, {"model": "admin.logentry", "pk": 19, "fields": {"action_time": "2024-09-11T20:20:31.576Z", "user": 1, "content_type": 9, "object_id": "5", "object_repr": "about_us-history-part1: Ресторан \"Голодная акула\" был открыт в Петербурге в 2007 году. Он был создан в стиле\r\n                    хай-тек и стал одним из самых популярных мест для любителей экзотиче", "action_flag": 1, "change_message": "[{\"added\": {}}]"}}, {"model": "admin.logentry", "pk": 20, "fields": {"action_time": "2024-09-11T20:21:03.165Z", "user": 1, "content_type": 9, "object_id": "6", "object_repr": "about_us-history-part2: В ресторане подают блюда из морепродуктов, рыбы и мяса, приготовленные на гриле. В меню\r\n                    можно найти\r\n                    такие блюда, как крабы, креветки,", "action_flag": 1, "change_message": "[{\"added\": {}}]"}}, {"model": "admin.logentry", "pk": 21, "fields": {"action_time": "2024-09-11T20:22:34.115Z", "user": 1, "content_type": 9, "object_id": "7", "object_repr": "about_us-command-part1: Команда ресторана \"Hungry Shark\" - это группа талантливых и опытных профессионалов, которые работают\r\n                    вместе, чтобы создать незабываемые впечатления для сво", "action_flag": 1, "change_message": "[{\"added\": {}}]"}}, {"model": "admin.logentry", "pk": 22, "fields": {"action_time": "2024-09-11T20:22:55.783Z", "user": 1, "content_type": 9, "object_id": "8", "object_repr": "about_us-command-part2: 1. Шеф-повар: отвечает за приготовление блюд и разработку новых рецептов. Он также следит за\r\n                    качеством\r\n                    продуктов и соблюдением всех са", "action_flag": 1, "change_message": "[{\"added\": {}}]"}}, {"model": "admin.logentry", "pk": 23, "fields": {"action_time": "2024-09-11T20:25:46.718Z", "user": 1, "content_type": 8, "object_id": "1", "object_repr": "home-about-inside1: Внутренний интерьер #1", "action_flag": 1, "change_message": "[{\"added\": {}}]"}}, {"model": "admin.logentry", "pk": 24, "fields": {"action_time": "2024-09-11T20:26:58.030Z", "user": 1, "content_type": 8, "object_id": "2", "object_repr": "home-about-inside2: Внутренний интерьер #2", "action_flag": 1, "change_message": "[{\"added\": {}}]"}}, {"model": "admin.logentry", "pk": 25, "fields": {"action_time": "2024-09-11T20:27:55.986Z", "user": 1, "content_type": 8, "object_id": "3", "object_repr": "home-fugu: рыба фугу", "action_flag": 1, "change_message": "[{\"added\": {}}]"}}, {"model": "admin.logentry", "pk": 26, "fields": {"action_time": "2024-09-11T20:28:49.556Z", "user": 1, "content_type": 8, "object_id": "4", "object_repr": "home-food2: Осетр", "action_flag": 1, "change_message": "[{\"added\": {}}]"}}, {"model": "admin.logentry", "pk": 27, "fields": {"action_time": "2024-09-11T20:29:12.532Z", "user": 1, "content_type": 8, "object_id": "3", "object_repr": "home-food1: рыба фугу", "action_flag": 2, "change_message": "[{\"changed\": {\"fields\": [\"\\u041a\\u0430\\u0440\\u0442\\u0438\\u043d\\u043a\\u0430-\\u043d\\u0430\\u0437\\u0432\\u0430\\u043d\\u0438\\u0435\"]}}]"}}, {"model": "admin.logentry", "pk": 28, "fields": {"action_time": "2024-09-11T20:29:58.439Z", "user": 1, "content_type": 8, "object_id": "5", "object_repr": "home-food3: креветки", "action_flag": 1, "change_message": "[{\"added\": {}}]"}}, {"model": "admin.logentry", "pk": 29, "fields": {"action_time": "2024-09-11T20:31:35.167Z", "user": 1, "content_type": 8, "object_id": "6", "object_repr": "about_us-inside3: Интерьер №3", "action_flag": 1, "change_message": "[{\"added\": {}}]"}}, {"model": "admin.logentry", "pk": 30, "fields": {"action_time": "2024-09-11T20:32:39.547Z", "user": 1, "content_type": 8, "object_id": "7", "object_repr": "about_us-inside4: Интерьер №4 (барная стойка)", "action_flag": 1, "change_message": "[{\"added\": {}}]"}}, {"model": "admin.logentry", "pk": 31, "fields": {"action_time": "2024-09-11T20:33:41.310Z", "user": 1, "content_type": 8, "object_id": "8", "object_repr": "about_us-team1: Команда ресторана - шеф-повар", "action_flag": 1, "change_message": "[{\"added\": {}}]"}}, {"model": "admin.logentry", "pk": 32, "fields": {"action_time": "2024-09-11T20:34:23.101Z", "user": 1, "content_type": 8, "object_id": "9", "object_repr": "about_us-team2: Команда поваров", "action_flag": 1, "change_message": "[{\"added\": {}}]"}}, {"model": "admin.logentry", "pk": 33, "fields": {"action_time": "2024-09-11T20:35:07.324Z", "user": 1, "content_type": 8, "object_id": "10", "object_repr": "about_us-team3: Бармен", "action_flag": 1, "change_message": "[{\"added\": {}}]"}}, {"model": "admin.logentry", "pk": 34, "fields": {"action_time": "2024-09-11T20:40:16.548Z", "user": 1, "content_type": 9, "object_id": "9", "object_repr": "work_start: 10:00", "action_flag": 1, "change_message": "[{\"added\": {}}]"}}, {"model": "admin.logentry", "pk": 35, "fields": {"action_time": "2024-09-11T20:40:41.480Z", "user": 1, "content_type": 9, "object_id": "10", "object_repr": "work_end: 23:50", "action_flag": 1, "change_message": "[{\"added\": {}}]"}}, {"model": "admin.logentry", "pk": 36, "fields": {"action_time": "2024-09-11T20:40:54.893Z", "user": 1, "content_type": 9, "object_id": "11", "object_repr": "period_of_booking: 14", "action_flag": 1, "change_message": "[{\"added\": {}}]"}}, {"model": "admin.logentry", "pk": 37, "fields": {"action_time": "2024-09-13T10:18:04.479Z", "user": 1, "content_type": 14, "object_id": "1", "object_repr": "10:00", "action_flag": 1, "change_message": "[{\"added\": {}}]"}}, {"model": "admin.logentry", "pk": 38, "fields": {"action_time": "2024-09-13T10:18:26.408Z", "user": 1, "content_type": 14, "object_id": "2", "object_repr": "23:30", "action_flag": 1, "change_message": "[{\"added\": {}}]"}}, {"model": "admin.logentry", "pk": 39, "fields": {"action_time": "2024-09-13T10:19:13.827Z", "user": 1, "content_type": 14, "object_id": "3", "object_repr": "14", "action_flag": 1, "change_message": "[{\"added\": {}}]"}}, {"model": "admin.logentry", "pk": 40, "fields": {"action_time": "2024-09-13T10:20:19.984Z", "user": 1, "content_type": 14, "object_id": "4", "object_repr": "42", "action_flag": 1, "change_message": "[{\"added\": {}}]"}}, {"model": "admin.logentry", "pk": 41, "fields": {"action_time": "2024-09-13T10:36:41.959Z", "user": 1, "content_type": 13, "object_id": "1", "object_repr": "https://t.me/TheShadowfish", "action_flag": 1, "change_message": "[{\"added\": {}}]"}}, {"model": "admin.logentry", "pk": 42, "fields": {"action_time": "2024-09-13T10:37:24.937Z", "user": 1, "content_type": 13, "object_id": "2", "object_repr": "https://wa.me/79115604350", "action_flag": 1, "change_message": "[{\"added\": {}}]"}}, {"model": "admin.logentry", "pk": 43, "fields": {"action_time": "2024-09-13T10:38:24.368Z", "user": 1, "content_type": 13, "object_id": "3", "object_repr": "https://vk.com/shadowfish", "action_flag": 1, "change_message": "[{\"added\": {}}]"}}, {"model": "admin.logentry", "pk": 44, "fields": {"action_time": "2024-09-13T22:53:01.990Z", "user": 1, "content_type": 9, "object_id": "11", "object_repr": "period_of_booking: 14", "action_flag": 3, "change_message": ""}}, {"model": "admin.logentry", "pk": 45, "fields": {"action_time": "2024-09-13T22:53:01.990Z", "user": 1, "content_type": 9, "object_id": "10", "object_repr": "work_end: 23:50", "action_flag": 3, "change_message": ""}}, {"model": "admin.logentry", "pk": 46, "fields": {"action_time": "2024-09-13T22:53:01.990Z", "user": 1, "content_type": 9, "object_id": "9", "object_repr": "work_start: 10:00", "action_flag": 3, "change_message": ""}}, {"model": "admin.logentry", "pk": 47, "fields": {"action_time": "2024-09-13T22:57:41.108Z", "user": 1, "content_type": 9, "object_id": "12", "object_repr": "booking_create: В нашем ресторане вы можете забронировать столик на удобное для вас время.", "action_flag": 1, "change_message": "[{\"added\": {}}]"}}, {"model": "admin.logentry", "pk": 48, "fields": {"action_time": "2024-09-13T22:58:45.072Z", "user": 1, "content_type": 8, "object_id": "11", "object_repr": "booking_create: tables1", "action_flag": 1, "change_message": "[{\"added\": {}}]"}}, {"model": "admin.logentry", "pk": 49, "fields": {"action_time": "2024-09-13T22:59:21.368Z", "user": 1, "content_type": 8, "object_id": "12", "object_repr": "booking_create_2: tables2", "action_flag": 1, "change_message": "[{\"added\": {}}]"}}, {"model": "admin.logentry", "pk": 50, "fields": {"action_time": "2024-09-14T00:08:04.849Z", "user": 1, "content_type": 9, "object_id": "4", "object_repr": "about_us-mission-part: <b>Миссия нашего ресторана</b> - создавать атмосферу уюта и комфорта для посетителей,\r\n                    предлагая им блюда высокой кухни и качественное обслуживание.\r\n     ", "action_flag": 2, "change_message": "[{\"changed\": {\"fields\": [\"\\u0422\\u0435\\u043b\\u043e \\u0442\\u0435\\u043a\\u0441\\u0442\\u043e\\u0432\\u043e\\u0433\\u043e \\u0431\\u043b\\u043e\\u043a\\u0430\"]}}]"}}, {"model": "admin.logentry", "pk": 51, "fields": {"action_time": "2024-09-14T00:09:04.792Z", "user": 1, "content_type": 9, "object_id": "4", "object_repr": "about_us-mission-part: <b>Миссия нашего ресторана</b> - создавать атмосферу уюта и комфорта для посетителей,\r\n                    предлагая им блюда высокой кухни и качественное обслуживание.\r\n\r\n   ", "action_flag": 2, "change_message": "[{\"changed\": {\"fields\": [\"\\u0422\\u0435\\u043b\\u043e \\u0442\\u0435\\u043a\\u0441\\u0442\\u043e\\u0432\\u043e\\u0433\\u043e \\u0431\\u043b\\u043e\\u043a\\u0430\"]}}]"}}, {"model": "admin.logentry", "pk": 52, "fields": {"action_time": "2024-09-14T00:11:45.459Z", "user": 1, "content_type": 9, "object_id": "4", "object_repr": "about_us-mission-part: <b>Миссия нашего ресторана</b> - создавать атмосферу уюта и комфорта для посетителей,\r\n                    предлагая им блюда высокой кухни и качественное обслуживание. <br>\r\n", "action_flag": 2, "change_message": "[{\"changed\": {\"fields\": [\"\\u0422\\u0435\\u043b\\u043e \\u0442\\u0435\\u043a\\u0441\\u0442\\u043e\\u0432\\u043e\\u0433\\u043e \\u0431\\u043b\\u043e\\u043a\\u0430\"]}}]"}}, {"model": "admin.logentry", "pk": 53, "fields": {"action_time": "2024-09-14T00:12:26.609Z", "user": 1, "content_type": 9, "object_id": "4", "object_repr": "about_us-mission-part: <b>Миссия нашего ресторана</b> - создавать атмосферу уюта и комфорта для посетителей,\r\n                    предлагая им блюда высокой кухни и качественное обслуживание. <br> \r", "action_flag": 2, "change_message": "[{\"changed\": {\"fields\": [\"\\u0422\\u0435\\u043b\\u043e \\u0442\\u0435\\u043a\\u0441\\u0442\\u043e\\u0432\\u043e\\u0433\\u043e \\u0431\\u043b\\u043e\\u043a\\u0430\"]}}]"}}, {"model": "admin.logentry", "pk": 54, "fields": {"action_time": "2024-09-14T00:13:21.553Z", "user": 1, "content_type": 9, "object_id": "4", "object_repr": "about_us-mission-part: <b>Миссия нашего ресторана</b> - создавать атмосферу уюта и комфорта для посетителей,\r\n                    предлагая им блюда высокой кухни и качественное обслуживание. \r\n<br>", "action_flag": 2, "change_message": "[{\"changed\": {\"fields\": [\"\\u0422\\u0435\\u043b\\u043e \\u0442\\u0435\\u043a\\u0441\\u0442\\u043e\\u0432\\u043e\\u0433\\u043e \\u0431\\u043b\\u043e\\u043a\\u0430\"]}}]"}}, {"model": "admin.logentry", "pk": 55, "fields": {"action_time": "2024-09-14T00:14:01.594Z", "user": 1, "content_type": 9, "object_id": "4", "object_repr": "about_us-mission-part: <b>Миссия нашего ресторана</b> - создавать атмосферу уюта и комфорта для посетителей,\r\n                    предлагая им блюда высокой кухни и качественное обслуживание. \r\n<br>", "action_flag": 2, "change_message": "[{\"changed\": {\"fields\": [\"\\u0422\\u0435\\u043b\\u043e \\u0442\\u0435\\u043a\\u0441\\u0442\\u043e\\u0432\\u043e\\u0433\\u043e \\u0431\\u043b\\u043e\\u043a\\u0430\"]}}]"}}, {"model": "admin.logentry", "pk": 56, "fields": {"action_time": "2024-09-14T00:14:38.091Z", "user": 1, "content_type": 9, "object_id": "4", "object_repr": "about_us-mission-part: <b>Миссия нашего ресторана</b> - создавать атмосферу уюта и комфорта для посетителей,\r\n                    предлагая им блюда высокой кухни и качественное обслуживание. <br> \r", "action_flag": 2, "change_message": "[{\"changed\": {\"fields\": [\"\\u0422\\u0435\\u043b\\u043e \\u0442\\u0435\\u043a\\u0441\\u0442\\u043e\\u0432\\u043e\\u0433\\u043e \\u0431\\u043b\\u043e\\u043a\\u0430\"]}}]"}}, {"model": "admin.logentry", "pk": 57, "fields": {"action_time": "2024-09-14T00:17:14.083Z", "user": 1, "content_type": 9, "object_id": "7", "object_repr": "about_us-command-part1: Команда ресторана \"Hungry Shark\" - это группа талантливых и опытных профессионалов, которые работают  вместе, чтобы создать незабываемые впечатления для своих гостей. <br>    ", "action_flag": 2, "change_message": "[{\"changed\": {\"fields\": [\"\\u0422\\u0435\\u043b\\u043e \\u0442\\u0435\\u043a\\u0441\\u0442\\u043e\\u0432\\u043e\\u0433\\u043e \\u0431\\u043b\\u043e\\u043a\\u0430\"]}}]"}}, {"model": "admin.logentry", "pk": 58, "fields": {"action_time": "2024-09-14T00:17:41.951Z", "user": 1, "content_type": 9, "object_id": "7", "object_repr": "about_us-command-part1: Команда ресторана \"Hungry Shark\" - это группа талантливых и опытных профессионалов, которые работают  вместе, чтобы создать незабываемые впечатления для своих гостей. <br>    ", "action_flag": 2, "change_message": "[{\"changed\": {\"fields\": [\"\\u0422\\u0435\\u043b\\u043e \\u0442\\u0435\\u043a\\u0441\\u0442\\u043e\\u0432\\u043e\\u0433\\u043e \\u0431\\u043b\\u043e\\u043a\\u0430\"]}}]"}}, {"model": "admin.logentry", "pk": 59, "fields": {"action_time": "2024-09-14T00:21:53.339Z", "user": 1, "content_type": 9, "object_id": "8", "object_repr": "about_us-command-part2: <b>Шеф-повар:</b> отвечает за приготовление блюд и разработку новых рецептов. Он также следит за  качеством  продуктов и соблюдением всех санитарных норм.<br>\r\n<b>Официанты:</b", "action_flag": 2, "change_message": "[{\"changed\": {\"fields\": [\"\\u0422\\u0435\\u043b\\u043e \\u0442\\u0435\\u043a\\u0441\\u0442\\u043e\\u0432\\u043e\\u0433\\u043e \\u0431\\u043b\\u043e\\u043a\\u0430\"]}}]"}}, {"model": "admin.logentry", "pk": 60, "fields": {"action_time": "2024-09-14T00:22:18.632Z", "user": 1, "content_type": 9, "object_id": "8", "object_repr": "about_us-command-part2: <br>\r\n<b>Шеф-повар:</b> отвечает за приготовление блюд и разработку новых рецептов. Он также следит за  качеством  продуктов и соблюдением всех санитарных норм.<br>\r\n<b>Официан", "action_flag": 2, "change_message": "[{\"changed\": {\"fields\": [\"\\u0422\\u0435\\u043b\\u043e \\u0442\\u0435\\u043a\\u0441\\u0442\\u043e\\u0432\\u043e\\u0433\\u043e \\u0431\\u043b\\u043e\\u043a\\u0430\"]}}]"}}, {"model": "admin.logentry", "pk": 61, "fields": {"action_time": "2024-09-14T12:51:07.129Z", "user": 1, "content_type": 9, "object_id": "13", "object_repr": "questions_and_answers: Здесь вы можете найти ответы на часто задаваемые вопросы, а также задать свой. Вопросы проходят премодерацию.", "action_flag": 1, "change_message": "[{\"added\": {}}]"}}, {"model": "admin.logentry", "pk": 62, "fields": {"action_time": "2024-09-14T14:23:54.763Z", "user": 1, "content_type": 9, "object_id": "14", "object_repr": "question_premoderated: Спасибо за вопрос, он будет направлен на проверку, получит ответ и затем будет опубликован.\r\nЕсли этот вопрос нам понравится, конечно.", "action_flag": 1, "change_message": "[{\"added\": {}}]"}}, {"model": "admin.logentry", "pk": 63, "fields": {"action_time": "2024-09-14T14:28:28.305Z", "user": 1, "content_type": 13, "object_id": "4", "object_repr": "{% url 'restaurant:question_list' %}", "action_flag": 1, "change_message": "[{\"added\": {}}]"}}, {"model": "admin.logentry", "pk": 64, "fields": {"action_time": "2024-09-14T16:19:07.810Z", "user": 1, "content_type": 13, "object_id": "4", "object_repr": "restaurant:question_list", "action_flag": 2, "change_message": "[{\"changed\": {\"fields\": [\"\\u0410\\u0434\\u0440\\u0435\\u0441 \\u0441\\u0441\\u044b\\u043b\\u043a\\u0438\"]}}]"}}, {"model": "admin.logentry", "pk": 65, "fields": {"action_time": "2024-09-17T17:00:44.994Z", "user": 1, "content_type": 19, "object_id": "4", "object_repr": "restaurant.tasks.find_active_bookings: каждые 60 секунды", "action_flag": 3, "change_message": ""}}, {"model": "admin.logentry", "pk": 66, "fields": {"action_time": "2024-09-17T17:00:44.994Z", "user": 1, "content_type": 19, "object_id": "3", "object_repr": "resaurant.tasks.find_active_bookings: каждые 60 секунды", "action_flag": 3, "change_message": ""}}, {"model": "admin.logentry", "pk": 67, "fields": {"action_time": "2024-09-17T17:00:44.994Z", "user": 1, "content_type": 19, "object_id": "2", "object_repr": "habits.tasks.find_all_habits: каждые 60 секунды", "action_flag": 3, "change_message": ""}}, {"model": "admin.logentry", "pk": 68, "fields": {"action_time": "2024-09-17T17:00:44.994Z", "user": 1, "content_type": 19, "object_id": "1", "object_repr": "celery.backend_cleanup: 0 4 * * * (m/h/dM/MY/d) UTC", "action_flag": 3, "change_message": ""}}, {"model": "auth.permission", "pk": 1, "fields": {"name": "Can add log entry", "content_type": 1, "codename": "add_logentry"}}, {"model": "auth.permission", "pk": 2, "fields": {"name": "Can change log entry", "content_type": 1, "codename": "change_logentry"}}, {"model": "auth.permission", "pk": 3, "fields": {"name": "Can delete log entry", "content_type": 1, "codename": "delete_logentry"}}, {"model": "auth.permission", "pk": 4, "fields": {"name": "Can view log entry", "content_type": 1, "codename": "view_logentry"}}, {"model": "auth.permission", "pk": 5, "fields": {"name": "Can add permission", "content_type": 2, "codename": "add_permission"}}, {"model": "auth.permission", "pk": 6, "fields": {"name": "Can change permission", "content_type": 2, "codename": "change_permission"}}, {"model": "auth.permission", "pk": 7, "fields": {"name": "Can delete permission", "content_type": 2, "codename": "delete_permission"}}, {"model": "auth.permission", "pk": 8, "fields": {"name": "Can view permission", "content_type": 2, "codename": "view_permission"}}, {"model": "auth.permission", "pk": 9, "fields": {"name": "Can add group", "content_type": 3, "codename": "add_group"}}, {"model": "auth.permission", "pk": 10, "fields": {"name": "Can change group", "content_type": 3, "codename": "change_group"}}, {"model": "auth.permission", "pk": 11, "fields": {"name": "Can delete group", "content_type": 3, "codename": "delete_group"}}, {"model": "auth.permission", "pk": 12, "fields": {"name": "Can view group", "content_type": 3, "codename": "view_group"}}, {"model": "auth.permission", "pk": 13, "fields": {"name": "Can add content type", "content_type": 4, "codename": "add_contenttype"}}, {"model": "auth.permission", "pk": 14, "fields": {"name": "Can change content type", "content_type": 4, "codename": "change_contenttype"}}, {"model": "auth.permission", "pk": 15, "fields": {"name": "Can delete content type", "content_type": 4, "codename": "delete_contenttype"}}, {"model": "auth.permission", "pk": 16, "fields": {"name": "Can view content type", "content_type": 4, "codename": "view_contenttype"}}, {"model": "auth.permission", "pk": 17, "fields": {"name": "Can add session", "content_type": 5, "codename": "add_session"}}, {"model": "auth.permission", "pk": 18, "fields": {"name": "Can change session", "content_type": 5, "codename": "change_session"}}, {"model": "auth.permission", "pk": 19, "fields": {"name": "Can delete session", "content_type": 5, "codename": "delete_session"}}, {"model": "auth.permission", "pk": 20, "fields": {"name": "Can view session", "content_type": 5, "codename": "view_session"}}, {"model": "auth.permission", "pk": 21, "fields": {"name": "Can add пользователь", "content_type": 6, "codename": "add_user"}}, {"model": "auth.permission", "pk": 22, "fields": {"name": "Can change пользователь", "content_type": 6, "codename": "change_user"}}, {"model": "auth.permission", "pk": 23, "fields": {"name": "Can delete пользователь", "content_type": 6, "codename": "delete_user"}}, {"model": "auth.permission", "pk": 24, "fields": {"name": "Can view пользователь", "content_type": 6, "codename": "view_user"}}, {"model": "auth.permission", "pk": 25, "fields": {"name": "Can blocked user (bool is_active = False)", "content_type": 6, "codename": "can_set_user_inactive"}}, {"model": "auth.permission", "pk": 26, "fields": {"name": "Can add user token", "content_type": 7, "codename": "add_usertoken"}}, {"model": "auth.permission", "pk": 27, "fields": {"name": "Can change user token", "content_type": 7, "codename": "change_usertoken"}}, {"model": "auth.permission", "pk": 28, "fields": {"name": "Can delete user token", "content_type": 7, "codename": "delete_usertoken"}}, {"model": "auth.permission", "pk": 29, "fields": {"name": "Can view user token", "content_type": 7, "codename": "view_usertoken"}}, {"model": "auth.permission", "pk": 30, "fields": {"name": "Can add картинка", "content_type": 8, "codename": "add_contentimage"}}, {"model": "auth.permission", "pk": 31, "fields": {"name": "Can change картинка", "content_type": 8, "codename": "change_contentimage"}}, {"model": "auth.permission", "pk": 32, "fields": {"name": "Can delete картинка", "content_type": 8, "codename": "delete_contentimage"}}, {"model": "auth.permission", "pk": 33, "fields": {"name": "Can view картинка", "content_type": 8, "codename": "view_contentimage"}}, {"model": "auth.permission", "pk": 34, "fields": {"name": "Can add контент", "content_type": 9, "codename": "add_contenttext"}}, {"model": "auth.permission", "pk": 35, "fields": {"name": "Can change контент", "content_type": 9, "codename": "change_contenttext"}}, {"model": "auth.permission", "pk": 36, "fields": {"name": "Can delete контент", "content_type": 9, "codename": "delete_contenttext"}}, {"model": "auth.permission", "pk": 37, "fields": {"name": "Can view контент", "content_type": 9, "codename": "view_contenttext"}}, {"model": "auth.permission", "pk": 38, "fields": {"name": "Can add столик", "content_type": 10, "codename": "add_table"}}, {"model": "auth.permission", "pk": 39, "fields": {"name": "Can change столик", "content_type": 10, "codename": "change_table"}}, {"model": "auth.permission", "pk": 40, "fields": {"name": "Can delete столик", "content_type": 10, "codename": "delete_table"}}, {"model": "auth.permission", "pk": 41, "fields": {"name": "Can view столик", "content_type": 10, "codename": "view_table"}}, {"model": "auth.permission", "pk": 42, "fields": {"name": "Can add бронирование", "content_type": 11, "codename": "add_booking"}}, {"model": "auth.permission", "pk": 43, "fields": {"name": "Can change бронирование", "content_type": 11, "codename": "change_booking"}}, {"model": "auth.permission", "pk": 44, "fields": {"name": "Can delete бронирование", "content_type": 11, "codename": "delete_booking"}}, {"model": "auth.permission", "pk": 45, "fields": {"name": "Can view бронирование", "content_type": 11, "codename": "view_booking"}}, {"model": "auth.permission", "pk": 46, "fields": {"name": "Can add booking token", "content_type": 12, "codename": "add_bookingtoken"}}, {"model": "auth.permission", "pk": 47, "fields": {"name": "Can change booking token", "content_type": 12, "codename": "change_bookingtoken"}}, {"model": "auth.permission", "pk": 48, "fields": {"name": "Can delete booking token", "content_type": 12, "codename": "delete_bookingtoken"}}, {"model": "auth.permission", "pk": 49, "fields": {"name": "Can view booking token", "content_type": 12, "codename": "view_bookingtoken"}}, {"model": "auth.permission", "pk": 50, "fields": {"name": "Can add contentlink", "content_type": 13, "codename": "add_contentlink"}}, {"model": "auth.permission", "pk": 51, "fields": {"name": "Can change contentlink", "content_type": 13, "codename": "change_contentlink"}}, {"model": "auth.permission", "pk": 52, "fields": {"name": "Can delete contentlink", "content_type": 13, "codename": "delete_contentlink"}}, {"model": "auth.permission", "pk": 53, "fields": {"name": "Can view contentlink", "content_type": 13, "codename": "view_contentlink"}}, {"model": "auth.permission", "pk": 54, "fields": {"name": "Can add content parameters", "content_type": 14, "codename": "add_contentparameters"}}, {"model": "auth.permission", "pk": 55, "fields": {"name": "Can change content parameters", "content_type": 14, "codename": "change_contentparameters"}}, {"model": "auth.permission", "pk": 56, "fields": {"name": "Can delete content parameters", "content_type": 14, "codename": "delete_contentparameters"}}, {"model": "auth.permission", "pk": 57, "fields": {"name": "Can view content parameters", "content_type": 14, "codename": "view_contentparameters"}}, {"model": "auth.permission", "pk": 58, "fields": {"name": "Can add вопрос", "content_type": 15, "codename": "add_questions"}}, {"model": "auth.permission", "pk": 59, "fields": {"name": "Can change вопрос", "content_type": 15, "codename": "change_questions"}}, {"model": "auth.permission", "pk": 60, "fields": {"name": "Can delete вопрос", "content_type": 15, "codename": "delete_questions"}}, {"model": "auth.permission", "pk": 61, "fields": {"name": "Can view вопрос", "content_type": 15, "codename": "view_questions"}}, {"model": "auth.permission", "pk": 62, "fields": {"name": "Can add отзыв", "content_type": 16, "codename": "add_review"}}, {"model": "auth.permission", "pk": 63, "fields": {"name": "Can change отзыв", "content_type": 16, "codename": "change_review"}}, {"model": "auth.permission", "pk": 64, "fields": {"name": "Can delete отзыв", "content_type": 16, "codename": "delete_review"}}, {"model": "auth.permission", "pk": 65, "fields": {"name": "Can view отзыв", "content_type": 16, "codename": "view_review"}}, {"model": "auth.permission", "pk": 66, "fields": {"name": "Can add crontab", "content_type": 17, "codename": "add_crontabschedule"}}, {"model": "auth.permission", "pk": 67, "fields": {"name": "Can change crontab", "content_type": 17, "codename": "change_crontabschedule"}}, {"model": "auth.permission", "pk": 68, "fields": {"name": "Can delete crontab", "content_type": 17, "codename": "delete_crontabschedule"}}, {"model": "auth.permission", "pk": 69, "fields": {"name": "Can view crontab", "content_type": 17, "codename": "view_crontabschedule"}}, {"model": "auth.permission", "pk": 70, "fields": {"name": "Can add interval", "content_type": 18, "codename": "add_intervalschedule"}}, {"model": "auth.permission", "pk": 71, "fields": {"name": "Can change interval", "content_type": 18, "codename": "change_intervalschedule"}}, {"model": "auth.permission", "pk": 72, "fields": {"name": "Can delete interval", "content_type": 18, "codename": "delete_intervalschedule"}}, {"model": "auth.permission", "pk": 73, "fields": {"name": "Can view interval", "content_type": 18, "codename": "view_intervalschedule"}}, {"model": "auth.permission", "pk": 74, "fields": {"name": "Can add periodic task", "content_type": 19, "codename": "add_periodictask"}}, {"model": "auth.permission", "pk": 75, "fields": {"name": "Can change periodic task", "content_type": 19, "codename": "change_periodictask"}}, {"model": "auth.permission", "pk": 76, "fields": {"name": "Can delete periodic task", "content_type": 19, "codename": "delete_periodictask"}}, {"model": "auth.permission", "pk": 77, "fields": {"name": "Can view periodic task", "content_type": 19, "codename": "view_periodictask"}}, {"model": "auth.permission", "pk": 78, "fields": {"name": "Can add periodic task track", "content_type": 20, "codename": "add_periodictasks"}}, {"model": "auth.permission", "pk": 79, "fields": {"name": "Can change periodic task track", "content_type": 20, "codename": "change_periodictasks"}}, {"model": "auth.permission", "pk": 80, "fields": {"name": "Can delete periodic task track", "content_type": 20, "codename": "delete_periodictasks"}}, {"model": "auth.permission", "pk": 81, "fields": {"name": "Can view periodic task track", "content_type": 20, "codename": "view_periodictasks"}}, {"model": "auth.permission", "pk": 82, "fields": {"name": "Can add solar event", "content_type": 21, "codename": "add_solarschedule"}}, {"model": "auth.permission", "pk": 83, "fields": {"name": "Can change solar event", "content_type": 21, "codename": "change_solarschedule"}}, {"model": "auth.permission", "pk": 84, "fields": {"name": "Can delete solar event", "content_type": 21, "codename": "delete_solarschedule"}}, {"model": "auth.permission", "pk": 85, "fields": {"name": "Can view solar event", "content_type": 21, "codename": "view_solarschedule"}}, {"model": "auth.permission", "pk": 86, "fields": {"name": "Can add clocked", "content_type": 22, "codename": "add_clockedschedule"}}, {"model": "auth.permission", "pk": 87, "fields": {"name": "Can change clocked", "content_type": 22, "codename": "change_clockedschedule"}}, {"model": "auth.permission", "pk": 88, "fields": {"name": "Can delete clocked", "content_type": 22, "codename": "delete_clockedschedule"}}, {"model": "auth.permission", "pk": 89, "fields": {"name": "Can view clocked", "content_type": 22, "codename": "view_clockedschedule"}}, {"model": "contenttypes.contenttype", "pk": 1, "fields": {"app_label": "admin", "model": "logentry"}}, {"model": "contenttypes.contenttype", "pk": 2, "fields": {"app_label": "auth", "model": "permission"}}, {"model": "contenttypes.contenttype", "pk": 3, "fields": {"app_label": "auth", "model": "group"}}, {"model": "contenttypes.contenttype", "pk": 4, "fields": {"app_label": "contenttypes", "model": "contenttype"}}, {"model": "contenttypes.contenttype", "pk": 5, "fields": {"app_label": "sessions", "model": "session"}}, {"model": "contenttypes.contenttype", "pk": 6, "fields": {"app_label": "users", "model": "user"}}, {"model": "contenttypes.contenttype", "pk": 7, "fields": {"app_label": "users", "model": "usertoken"}}, {"model": "contenttypes.contenttype", "pk": 8, "fields": {"app_label": "restaurant", "model": "contentimage"}}, {"model": "contenttypes.contenttype", "pk": 9, "fields": {"app_label": "restaurant", "model": "contenttext"}}, {"model": "contenttypes.contenttype", "pk": 10, "fields": {"app_label": "restaurant", "model": "table"}}, {"model": "contenttypes.contenttype", "pk": 11, "fields": {"app_label": "restaurant", "model": "booking"}}, {"model": "contenttypes.contenttype", "pk": 12, "fields": {"app_label": "restaurant", "model": "bookingtoken"}}, {"model": "contenttypes.contenttype", "pk": 13, "fields": {"app_label": "restaurant", "model": "contentlink"}}, {"model": "contenttypes.contenttype", "pk": 14, "fields": {"app_label": "restaurant", "model": "contentparameters"}}, {"model": "contenttypes.contenttype", "pk": 15, "fields": {"app_label": "restaurant", "model": "questions"}}, {"model": "contenttypes.contenttype", "pk": 16, "fields": {"app_label": "restaurant", "model": "review"}}, {"model": "contenttypes.contenttype", "pk": 17, "fields": {"app_label": "django_celery_beat", "model": "crontabschedule"}}, {"model": "contenttypes.contenttype", "pk": 18, "fields": {"app_label": "django_celery_beat", "model": "intervalschedule"}}, {"model": "contenttypes.contenttype", "pk": 19, "fields": {"app_label": "django_celery_beat", "model": "periodictask"}}, {"model": "contenttypes.contenttype", "pk": 20, "fields": {"app_label": "django_celery_beat", "model": "periodictasks"}}, {"model": "contenttypes.contenttype", "pk": 21, "fields": {"app_label": "django_celery_beat", "model": "solarschedule"}}, {"model": "contenttypes.contenttype", "pk": 22, "fields": {"app_label": "django_celery_beat", "model": "clockedschedule"}}, {"model": "sessions.session", "pk": "wl8hi896fu41wvfnoehy3q6orfskr9cw", "fields": {"session_data": ".eJxVjEEOwiAQRe_C2hBg6AAu3fcMZAZQqoYmpV0Z765NutDtf-_9l4i0rTVuvSxxyuIsQJx-N6b0KG0H-U7tNss0t3WZWO6KPGiX45zL83K4fweVev3WCP6KmlMiLspqsiaAMtqA8RkHsKQwuczMjhA9BA7s0GRXBs3WkRfvD9K8N2g:1sqgmK:AEkb5ZyVRGTXAzlqYs2jWGH1c4df_kXNQGlTT-ok92Y", "expire_date": "2024-10-01T22:34:36.716Z"}}, {"model": "sessions.session", "pk": "z04acg4h91rz5ac894fq2crsuqeo3lgg", "fields": {"session_data": ".eJxVjEEOwiAQRe_C2hBg6AAu3fcMZAZQqoYmpV0Z765NutDtf-_9l4i0rTVuvSxxyuIsQJx-N6b0KG0H-U7tNss0t3WZWO6KPGiX45zL83K4fweVev3WCP6KmlMiLspqsiaAMtqA8RkHsKQwuczMjhA9BA7s0GRXBs3WkRfvD9K8N2g:1soNZB:kqgwQkq3bLb_TNySLpM8U1mrlwn-0_WdcGzBdzvmERU", "expire_date": "2024-09-25T13:39:29.008Z"}}, {"model": "users.user", "pk": 1, "fields": {"password": "pbkdf2_sha256$870000$HnyxQNE2odMFs8ABUZMTlJ$GKqvA6hDL9Hhz3yOLlJ/W0rOKYp2p3qmXMddkm1O05I=", "last_login": "2024-09-17T22:00:48.203Z", "is_superuser": true, "first_name": "Admin", "last_name": "SkyPro", "is_staff": true, "is_active": true, "date_joined": "2024-09-11T07:16:32.373Z", "email": "admin@sky.pro", "name": "Суперадмин-КОТ", "description": "Админ, великий и ужасный, админить может все и вся, имеет при себе банхаммер, но банить некого пока.", "phone_number": null, "avatar": "users/avatars/free-icon-hacker-924915.png", "tg_nick": null, "tg_chat_id": null, "time_offset": 3, "is_content_manager": false, "is_moderator": false, "is_banned": false, "groups": [], "user_permissions": []}}, {"model": "users.user", "pk": 2, "fields": {"password": "pbkdf2_sha256$870000$nNqaqZqntHXN2GGuF5Pq1A$EGPCsV/STKqeRtRrlDy15+7sjoz0D/znmSVMVkYH+v4=", "last_login": "2024-09-11T11:08:24.311Z", "is_superuser": false, "first_name": "Content-manager", "last_name": "SkyPro", "is_staff": true, "is_active": true, "date_joined": "2024-09-11T07:16:33.706Z", "email": "content-manager@sky.pro", "name": null, "description": null, "phone_number": null, "avatar": "", "tg_nick": null, "tg_chat_id": null, "time_offset": 3, "is_content_manager": false, "is_moderator": false, "is_banned": false, "groups": [], "user_permissions": []}}, {"model": "users.user", "pk": 3, "fields": {"password": "pbkdf2_sha256$870000$dW4H0dzNb6enMT8rCF9fe7$SkY/RJ65K7Xjy//c+WXLmTHp/7cy0aD8nAyKH42OKOI=", "last_login": "2024-09-17T22:34:36.714Z", "is_superuser": false, "first_name": "Amazing", "last_name": "Cat", "is_staff": false, "is_active": true, "date_joined": "2024-09-11T13:23:11.966Z", "email": "shadowfish@yandex.ru", "name": "ShadowCat", "description": "Самый первый в очереди на рыбу!", "phone_number": null, "avatar": "users/avatars/cat-svgrepo-com_ilOEOHJ.png", "tg_nick": "@TheShadowfish", "tg_chat_id": "1567728836", "time_offset": 3, "is_content_manager": false, "is_moderator": false, "is_banned": false, "groups": [], "user_permissions": []}}, {"model": "users.user", "pk": 4, "fields": {"password": "pbkdf2_sha256$870000$q0nhjO5IZew8tAhFDi2Ma7$CkHmyFJYmOWs3VAmyyqjdi+M0cFoKfY5+Dp+myoTfDw=", "last_login": null, "is_superuser": false, "first_name": "", "last_name": "", "is_staff": false, "is_active": true, "date_joined": "2024-09-16T12:43:37.607Z", "email": "test@test.ru", "name": null, "description": null, "phone_number": null, "avatar": "", "tg_nick": null, "tg_chat_id": null, "time_offset": 3, "is_content_manager": false, "is_moderator": false, "is_banned": false, "groups": [], "user_permissions": []}}, {"model": "users.user", "pk": 5, "fields": {"password": "pbkdf2_sha256$870000$Jwa87dPOrr73ODW271UtqX$3pEle0ASvI9UXiA3mjQKPNDlyqTPfbLq2um6euKXT4Q=", "last_login": null, "is_superuser": false, "first_name": "", "last_name": "", "is_staff": false, "is_active": true, "date_joined": "2024-09-16T12:43:38.627Z", "email": "test3@test.ru", "name": null, "description": null, "phone_number": null, "avatar": "", "tg_nick": null, "tg_chat_id": null, "time_offset": 3, "is_content_manager": false, "is_moderator": false, "is_banned": false, "groups": [], "user_permissions": []}}, {"model": "users.user", "pk": 6, "fields": {"password": "pbkdf2_sha256$870000$r09HVjjn2Fo0ZXr3c59vNI$pRwzolbZR3YGmUpghL3+8vWFnz67p3P+EBN0Us6eRCs=", "last_login": null, "is_superuser": false, "first_name": "", "last_name": "", "is_staff": false, "is_active": true, "date_joined": "2024-09-16T12:43:39.643Z", "email": "test2@test.ru", "name": null, "description": null, "phone_number": null, "avatar": "", "tg_nick": null, "tg_chat_id": null, "time_offset": 3, "is_content_manager": false, "is_moderator": false, "is_banned": false, "groups": [], "user_permissions": []}}, {"model": "users.user", "pk": 7, "fields": {"password": "pbkdf2_sha256$870000$EF3qceeA5ekni1151a4sKT$JxCNfDnLCVcNwEec+H5Z39AtANUtFd7EuGPK9ppv90c=", "last_login": null, "is_superuser": false, "first_name": "", "last_name": "", "is_staff": false, "is_active": true, "date_joined": "2024-09-16T12:43:40.650Z", "email": "test4@test.ru", "name": null, "description": null, "phone_number": null, "avatar": "", "tg_nick": null, "tg_chat_id": null, "time_offset": 3, "is_content_manager": false, "is_moderator": false, "is_banned": false, "groups": [], "user_permissions": []}}, {"model": "restaurant.table", "pk": 1, "fields": {"number": 1, "places": 4, "flour": 1, "description": "столик у двери"}}, {"model": "restaurant.table", "pk": 2, "fields": {"number": 2, "places": 6, "flour": 1, "description": "столик у стены"}}, {"model": "restaurant.table", "pk": 3, "fields": {"number": 3, "places": 4, "flour": 1, "description": "столик у окна"}}, {"model": "restaurant.table", "pk": 4, "fields": {"number": 4, "places": 4, "flour": 1, "description": "столик возле акулы"}}, {"model": "restaurant.table", "pk": 5, "fields": {"number": 5, "places": 4, "flour": 1, "description": "столик рядом с барной стойкой"}}, {"model": "restaurant.table", "pk": 6, "fields": {"number": 6, "places": 4, "flour": 1, "description": "столик первый посередине"}}, {"model": "restaurant.table", "pk": 7, "fields": {"number": 7, "places": 4, "flour": 1, "description": "столик второй посередине"}}, {"model": "restaurant.table", "pk": 8, "fields": {"number": 8, "places": 6, "flour": 1, "description": "большой столик посередине"}}, {"model": "restaurant.table", "pk": 9, "fields": {"number": 9, "places": 2, "flour": 1, "description": "столик посередине рядом с баром"}}, {"model": "restaurant.table", "pk": 10, "fields": {"number": 10, "places": 4, "flour": 1, "description": "столик у двери за перегородкой"}}, {"model": "restaurant.table", "pk": 11, "fields": {"number": 11, "places": 6, "flour": 1, "description": "столик отгороженый у стены первый от входа"}}, {"model": "restaurant.table", "pk": 12, "fields": {"number": 12, "places": 4, "flour": 1, "description": "столик в нише у стены второй от входа"}}, {"model": "restaurant.table", "pk": 13, "fields": {"number": 13, "places": 4, "flour": 1, "description": "столик в нише у стены третий от входа"}}, {"model": "restaurant.table", "pk": 14, "fields": {"number": 14, "places": 4, "flour": 1, "description": "столик у стены ближайший к барной стойке"}}, {"model": "restaurant.booking", "pk": 7, "fields": {"user": 3, "table": 1, "places": 2, "description": null, "notification": 2, "date_field": "2024-09-14", "time_start": "18:00:00", "time_end": "22:00:00", "active": false, "created_at": "2024-09-12T19:32:32.099Z"}}, {"model": "restaurant.booking", "pk": 9, "fields": {"user": 3, "table": 1, "places": 2, "description": null, "notification": 0, "date_field": "2024-09-14", "time_start": "18:00:00", "time_end": "22:00:00", "active": true, "created_at": "2024-09-12T19:41:19.961Z"}}, {"model": "restaurant.booking", "pk": 10, "fields": {"user": 3, "table": 1, "places": 2, "description": null, "notification": 0, "date_field": "2024-09-14", "time_start": "22:01:00", "time_end": "23:00:00", "active": true, "created_at": "2024-09-12T19:44:41.078Z"}}, {"model": "restaurant.booking", "pk": 18, "fields": {"user": null, "table": 6, "places": 2, "description": null, "notification": 0, "date_field": "2024-09-13", "time_start": "17:00:00", "time_end": "20:00:00", "active": true, "created_at": "2024-09-13T07:39:07.448Z"}}, {"model": "restaurant.booking", "pk": 29, "fields": {"user": 3, "table": 1, "places": 2, "description": "", "notification": 3, "date_field": "2024-09-14", "time_start": "12:00:00", "time_end": "16:00:00", "active": false, "created_at": "2024-09-13T19:42:23.339Z"}}, {"model": "restaurant.booking", "pk": 30, "fields": {"user": 3, "table": 2, "places": 2, "description": "подать мне омара!", "notification": 0, "date_field": "2024-09-14", "time_start": "18:00:00", "time_end": "20:00:00", "active": false, "created_at": "2024-09-13T19:44:09.828Z"}}, {"model": "restaurant.booking", "pk": 32, "fields": {"user": 3, "table": 2, "places": 2, "description": "настоящее время", "notification": 2, "date_field": "2024-09-14", "time_start": "18:00:00", "time_end": "20:00:00", "active": false, "created_at": "2024-09-13T20:39:59.881Z"}}, {"model": "restaurant.booking", "pk": 35, "fields": {"user": 1, "table": 2, "places": 2, "description": "", "notification": 0, "date_field": "2024-09-15", "time_start": "18:00:00", "time_end": "20:00:00", "active": false, "created_at": "2024-09-15T03:43:06.716Z"}}, {"model": "restaurant.booking", "pk": 36, "fields": {"user": 3, "table": 7, "places": 2, "description": "!!!!!", "notification": 3, "date_field": "2024-09-16", "time_start": "18:00:00", "time_end": "20:00:00", "active": false, "created_at": "2024-09-15T13:02:30.659Z"}}, {"model": "restaurant.booking", "pk": 39, "fields": {"user": 1, "table": 1, "places": 2, "description": "", "notification": 0, "date_field": "2024-09-16", "time_start": "18:00:00", "time_end": "20:00:00", "active": false, "created_at": "2024-09-16T07:03:19.242Z"}}, {"model": "restaurant.booking", "pk": 44, "fields": {"user": 3, "table": 7, "places": 2, "description": "", "notification": 0, "date_field": "2024-09-17", "time_start": "16:00:00", "time_end": "20:00:00", "active": true, "created_at": "2024-09-16T21:14:33.633Z"}}, {"model": "restaurant.booking", "pk": 45, "fields": {"user": 3, "table": 13, "places": 2, "description": "", "notification": 0, "date_field": "2024-09-17", "time_start": "18:00:00", "time_end": "20:00:00", "active": true, "created_at": "2024-09-16T21:16:52.590Z"}}, {"model": "restaurant.booking", "pk": 46, "fields": {"user": 3, "table": 1, "places": 2, "description": "", "notification": 0, "date_field": "2024-09-17", "time_start": "18:00:00", "time_end": "20:00:00", "active": false, "created_at": "2024-09-16T21:21:18.497Z"}}, {"model": "restaurant.booking", "pk": 47, "fields": {"user": 3, "table": 1, "places": 2, "description": "первый пошел", "notification": 0, "date_field": "2024-09-18", "time_start": "10:00:00", "time_end": "11:00:00", "active": true, "created_at": "2024-09-17T15:59:41.740Z"}}, {"model": "restaurant.booking", "pk": 48, "fields": {"user": 3, "table": 13, "places": 2, "description": "", "notification": 0, "date_field": "2024-09-17", "time_start": "22:45:00", "time_end": "23:00:00", "active": true, "created_at": "2024-09-17T19:42:10.795Z"}}, {"model": "restaurant.booking", "pk": 49, "fields": {"user": 3, "table": 7, "places": 2, "description": "1111", "notification": 3, "date_field": "2024-09-18", "time_start": "10:00:00", "time_end": "11:00:00", "active": true, "created_at": "2024-09-17T21:43:32.541Z"}}, {"model": "restaurant.booking", "pk": 50, "fields": {"user": 3, "table": 8, "places": 2, "description": "", "notification": 0, "date_field": "2024-09-18", "time_start": "11:00:00", "time_end": "12:00:00", "active": true, "created_at": "2024-09-17T21:50:56.064Z"}}, {"model": "restaurant.booking", "pk": 51, "fields": {"user": 3, "table": 9, "places": 2, "description": "", "notification": 3, "date_field": "2024-09-18", "time_start": "12:00:00", "time_end": "13:00:00", "active": true, "created_at": "2024-09-17T21:51:23.457Z"}}, {"model": "restaurant.booking", "pk": 52, "fields": {"user": 3, "table": 10, "places": 2, "description": "", "notification": 2, "date_field": "2024-09-18", "time_start": "13:00:00", "time_end": "14:00:00", "active": true, "created_at": "2024-09-17T21:52:10.932Z"}}, {"model": "restaurant.booking", "pk": 53, "fields": {"user": 3, "table": 11, "places": 2, "description": "", "notification": 1, "date_field": "2024-09-18", "time_start": "14:00:00", "time_end": "15:00:00", "active": true, "created_at": "2024-09-17T21:52:34.642Z"}}, {"model": "restaurant.booking", "pk": 54, "fields": {"user": 1, "table": 14, "places": 2, "description": "", "notification": 1, "date_field": "2024-09-18", "time_start": "10:00:00", "time_end": "15:00:00", "active": false, "created_at": "2024-09-17T22:01:12.598Z"}}, {"model": "restaurant.contenttext", "pk": 1, "fields": {"title": "home-about", "body": "Мы - ресторан, специализирующийся на рыбных блюдах.\r\n            У нас есть любая рыба, которую вы можете вообразить: от вяленой корюшки до рыбы фугу.\r\n            Моллюски, креветки, осьминог в собственных чернилах - и это у нас есть.\r\n            Добро пожаловать к нам!\r\n            Hungry Shark - накорми акулу внутри себя!"}}, {"model": "restaurant.contenttext", "pk": 2, "fields": {"title": "home-offer", "body": "В нашем ассортименте блюда из рыбы 40 морей и 5 океанов.\r\n            Закажите столик - и мы будем ждать вас в назначенное время.\r\n            У нас имеется отдельный зал для проведения торжественных мероприятий.\r\n            Если вам нужен тамада - у нас он есть! (тамада хороший, и конкурсы интересные =:D ).\r\n            Также мы проводим корпоративые мероприятия по предварительной договоренности.\r\n            По специальной договоренности может быть осуществлена доставка готовых блюд по вашему адресу."}}, {"model": "restaurant.contenttext", "pk": 3, "fields": {"title": "home-adress", "body": "Наш адрес: Санкт-Петербург, Невский проспект 6822, 1 этаж, телефон 89998887766"}}, {"model": "restaurant.contenttext", "pk": 4, "fields": {"title": "about_us-mission-part", "body": "<b>Миссия нашего ресторана</b> - создавать атмосферу уюта и комфорта для посетителей,\r\n                    предлагая им блюда высокой кухни и качественное обслуживание. <br> \r\n                    <b><u>Наши ценности:</u></b> <br> \r\n                    <b>Качество</b> :  Ресторан стремится предоставлять только высококачественные блюда и напитки,\r\n                    используя только свежие и натуральные ингредиенты.<br>\r\n                    <b>Инновации</b> :  Ресторан постоянно работает над усовершенствованием своих блюд и сервиса, внедряя\r\n                    новые технологии и методы.<br>\r\n                    <b>Обслуживание</b>: Сотрудники ресторана стремятся обеспечить высокий уровень обслуживания, уделяя\r\n                    внимание каждому посетителю.<br>\r\n                    <b>Экологичность</b> :  Ресторан уделяет внимание экологическим аспектам своей деятельности,\r\n                    используя экологически чистые продукты и минимизируя отходы.<br>\r\n                    <b>Разнообразие</b> :  Ресторан предлагает широкий выбор блюд разных кухонь мира, чтобы удовлетворить\r\n                    вкусы всех посетителей."}}, {"model": "restaurant.contenttext", "pk": 5, "fields": {"title": "about_us-history-part1", "body": "Ресторан \"Голодная акула\" был открыт в Петербурге в 2007 году. Он был создан в стиле\r\n                    хай-тек и стал одним из самых популярных мест для любителей экзотической кухни."}}, {"model": "restaurant.contenttext", "pk": 6, "fields": {"title": "about_us-history-part2", "body": "В ресторане подают блюда из морепродуктов, рыбы и мяса, приготовленные на гриле. В меню\r\n                    можно найти\r\n                    такие блюда, как крабы, креветки, кальмары, осьминоги и многое другое. Кроме того, ресторан\r\n                    предлагает широкий выбор напитков, включая коктейли и вино.\r\n\r\n                    Ресторан \"Голодная акула\" стал популярным местом среди туристов и местных жителей благодаря своей\r\n                    уникальной атмосфере и высокому качеству блюд. Он также известен своими вечеринками и\r\n                    мероприятиями, которые проводятся здесь регулярно.\r\n\r\n                    Сегодня ресторан \"Голодная акула\" продолжает радовать своих гостей вкусной едой и уютной\r\n                    атмосферой."}}, {"model": "restaurant.contenttext", "pk": 7, "fields": {"title": "about_us-command-part1", "body": "Команда ресторана \"Hungry Shark\" - это группа талантливых и опытных профессионалов, которые работают  вместе, чтобы создать незабываемые впечатления для своих гостей. <br>                    <b>Команда ресторана \"Hungry Shark\":</b><br>"}}, {"model": "restaurant.contenttext", "pk": 8, "fields": {"title": "about_us-command-part2", "body": "<br>\r\n<b>Шеф-повар:</b> отвечает за приготовление блюд и разработку новых рецептов. Он также следит за  качеством  продуктов и соблюдением всех санитарных норм.<br>\r\n<b>Официанты:</b> заботятся о том, чтобы гости получили максимальное удовольствие от еды и напитков. Они  также помогают с выбором блюд и напитков, а также отвечают на вопросы гостей.<br>\r\n<b>Бармены:</b> создают уникальные коктейли, которые порадуют гостей своим вкусом и ароматом. Они также следят за наличием всех необходимых ингредиентов и качеством напитков.<br>\r\n<b>Хостесс:</b> приветствуют гостей и помогают им найти свободные столики. Они также отвечают за  бронирование столов и организацию мероприятий.<br>\r\n<b>Технический персонал:</b> обеспечивает работу всех технических устройств в ресторане, таких как холодильники, посудомоечные машины и т.д.<br>\r\n<b>Администраторы:</b> отвечают за управление рестораном, включая управление персоналом, бухгалтерию и  контроль над всеми процессами.<br>\r\n<b>Маркетологи:</b> занимаются продвижением ресторана и привлечением новых клиентов.<br>\r\n<b>Менеджеры по продажам:</b> отвечают за продажу продуктов и услуг ресторана.<br>\r\n<b>Фотографы:</b> фотографируют блюда и интерьеры ресторана для использования в социальных сетях и на  сайте.<br>\r\n<b>Контент-менеджеры:</b> создают и публикуют контент для социальных сетей ресторана, включая  фотографии,  видео и статьи о блюдах.<br>"}}, {"model": "restaurant.contenttext", "pk": 12, "fields": {"title": "booking_create", "body": "В нашем ресторане вы можете забронировать столик на удобное для вас время."}}, {"model": "restaurant.contenttext", "pk": 13, "fields": {"title": "questions_and_answers", "body": "Здесь вы можете найти ответы на часто задаваемые вопросы, а также задать свой. Вопросы проходят премодерацию."}}, {"model": "restaurant.contenttext", "pk": 14, "fields": {"title": "question_premoderated", "body": "Спасибо за вопрос, он будет направлен на проверку, получит ответ и затем будет опубликован.\r\nЕсли этот вопрос нам понравится, конечно."}}, {"model": "restaurant.contentimage", "pk": 1, "fields": {"title": "home-about-inside1", "description": "Внутренний интерьер #1", "image": "content/photo/inside2.png"}}, {"model": "restaurant.contentimage", "pk": 2, "fields": {"title": "home-about-inside2", "description": "Внутренний интерьер #2", "image": "content/photo/inside3.png"}}, {"model": "restaurant.contentimage", "pk": 3, "fields": {"title": "home-food1", "description": "рыба фугу", "image": "content/photo/fugu.png"}}, {"model": "restaurant.contentimage", "pk": 4, "fields": {"title": "home-food2", "description": "Осетр", "image": "content/photo/osetr.png"}}, {"model": "restaurant.contentimage", "pk": 5, "fields": {"title": "home-food3", "description": "креветки", "image": "content/photo/shrimp.png"}}, {"model": "restaurant.contentimage", "pk": 6, "fields": {"title": "about_us-inside3", "description": "Интерьер №3", "image": "content/photo/inside.png"}}, {"model": "restaurant.contentimage", "pk": 7, "fields": {"title": "about_us-inside4", "description": "Интерьер №4 (барная стойка)", "image": "content/photo/bar.png"}}, {"model": "restaurant.contentimage", "pk": 8, "fields": {"title": "about_us-team1", "description": "Команда ресторана - шеф-повар", "image": "content/photo/chef.png"}}, {"model": "restaurant.contentimage", "pk": 9, "fields": {"title": "about_us-team2", "description": "Команда поваров", "image": "content/photo/team.png"}}, {"model": "restaurant.contentimage", "pk": 10, "fields": {"title": "about_us-team3", "description": "Бармен", "image": "content/photo/command-bar.png"}}, {"model": "restaurant.contentimage", "pk": 11, "fields": {"title": "booking_create", "description": "tables1", "image": "content/photo/table1.png"}}, {"model": "restaurant.contentimage", "pk": 12, "fields": {"title": "booking_create_2", "description": "tables2", "image": "content/photo/table2.png"}}, {"model": "restaurant.contentimage", "pk": 13, "fields": {"title": "not_found", "description": "Для изменения изображения создайте запись 'Not_found' в таблице ContentImage и загрузите изображение (необходимы полномочия администратора)", "image": ""}}, {"model": "restaurant.contentparameters", "pk": 1, "fields": {"title": "work_start", "body": "10:00", "description": "Начало работы ресторана, формат %HH:%MM"}}, {"model": "restaurant.contentparameters", "pk": 2, "fields": {"title": "work_end", "body": "23:30", "description": "Конец работы ресторана, формат %HH:%MM"}}, {"model": "restaurant.contentparameters", "pk": 3, "fields": {"title": "period_of_booking", "body": "14", "description": "Количество дней, за которые открывается бронирование. Формат int"}}, {"model": "restaurant.contentparameters", "pk": 4, "fields": {"title": "confirm_timedelta", "body": "42", "description": "время для подтверждения бронирования и регистрации пользователя, в минутах. Формат - int"}}, {"model": "restaurant.contentlink", "pk": 1, "fields": {"title": "telegram", "text": "наш Telegram", "link": "https://t.me/TheShadowfish", "description": "<li><a href=\"https://t.me/TheShadowfish\">наш Telegram </a></li>\r\n                <li><a href=\"https://wa.me/79115604350\">наш Whatsapp</a></li>\r\n                <li><a href=\"https://vk.com/shadowfish \">Мы в контакте </a></li>"}}, {"model": "restaurant.contentlink", "pk": 2, "fields": {"title": "whatsup", "text": "наш Whatsapp", "link": "https://wa.me/79115604350", "description": "<li><a href=\"https://t.me/TheShadowfish\">наш Telegram </a></li>\r\n                <li><a href=\"https://wa.me/79115604350\">наш Whatsapp</a></li>\r\n                <li><a href=\"https://vk.com/shadowfish \">Мы в контакте </a></li>"}}, {"model": "restaurant.contentlink", "pk": 3, "fields": {"title": "vkontakte", "text": "Мы в контакте", "link": "https://vk.com/shadowfish", "description": "<li><a href=\"https://t.me/TheShadowfish\">наш Telegram </a></li>\r\n                <li><a href=\"https://wa.me/79115604350\">наш Whatsapp</a></li>\r\n                <li><a href=\"https://vk.com/shadowfish \">Мы в контакте </a></li>"}}, {"model": "restaurant.contentlink", "pk": 4, "fields": {"title": "link_questions_list", "text": "к списку вопросов", "link": "restaurant:question_list", "description": "Внутренняя ссылка к списку вопросов"}}, {"model": "restaurant.bookingtoken", "pk": 15, "fields": {"booking": 29, "created_at": "2024-09-13T19:42:23.343Z", "token": "bf48de41cafa53a58981dd045136b41c"}}, {"model": "restaurant.bookingtoken", "pk": 16, "fields": {"booking": 30, "created_at": "2024-09-13T19:44:09.834Z", "token": "ccb4649a75429a2f65b9cd8270025a4c"}}, {"model": "restaurant.bookingtoken", "pk": 18, "fields": {"booking": 32, "created_at": "2024-09-13T20:39:59.889Z", "token": "ba3b05fca40a9a011e76177091539440"}}, {"model": "restaurant.bookingtoken", "pk": 21, "fields": {"booking": 35, "created_at": "2024-09-15T03:43:06.721Z", "token": "34f4a8417370d0dcdde1fa16e43947d1"}}, {"model": "restaurant.bookingtoken", "pk": 22, "fields": {"booking": 36, "created_at": "2024-09-15T13:02:30.667Z", "token": "e890609983459af5b24fcba73c75717f"}}, {"model": "restaurant.bookingtoken", "pk": 25, "fields": {"booking": 39, "created_at": "2024-09-16T07:03:19.253Z", "token": "d7ec2678691381c2d9586d60ed373bbe"}}, {"model": "restaurant.bookingtoken", "pk": 41, "fields": {"booking": 54, "created_at": "2024-09-17T22:01:12.603Z", "token": "15097410acd60dc5ee5eccbc9921828f"}}, {"model": "restaurant.questions", "pk": 1, "fields": {"question_text": "Каковы часы работы вашего ресторана? Как я могу забронировать место?", "sign": "Anonimus", "moderated": true, "answer_text": "В настоящий момент часы работы с 10.00 до 23.50. Чтобы забронировать место, вам необходимо зарегистрироваться на сайте через электронную почту. При неоднократной неявке по активной регистрации за нами остается право вас забанить, вычислить по IP и скормить нашей домашней акуле. Успехов.\r\n\r\n ps: анонимус пишется как anonimous. Не благодарите.", "created_at": "2024-09-14T13:25:22.312Z"}}, {"model": "restaurant.questions", "pk": 3, "fields": {"question_text": "Насколько велика вероятность насмерть отравиться рыбой фугу?", "sign": "Осторожный рыбоед", "moderated": true, "answer_text": "Вероятность отравиться рыбой фугу зависит от того, насколько профессиональные повара её готовили. В нашем ресторане работают повара высочайшего класса, получившие сертификаты непосредственно в Японии о том, что они могут готовить эту рыбу. Ни одного случая отравления за все время работы нашего ресторана не наблюдалось.", "created_at": "2024-09-14T15:54:26.813Z"}}, {"model": "restaurant.questions", "pk": 4, "fields": {"question_text": "Насколько большие порции вы можете приготовить? Привык съедать не менее 3 килограммов.", "sign": "Большая акула", "moderated": true, "answer_text": "Мы несомненно можем приготовить гораздо больше, чем вы способны съесть. Главное заранее укажите чего и сколько вам нужно в описании при бронировании столика. Мы приготовим. Как говориться - любой каприз за ваши деньги $_$", "created_at": "2024-09-14T16:49:54.508Z"}}, {"model": "restaurant.questions", "pk": 5, "fields": {"question_text": "Насколько большие порции вы можете приготовить? Привык съедать не менее 3 килограммов.", "sign": "Большая акула", "moderated": false, "answer_text": "", "created_at": "2024-09-14T16:53:36.505Z"}}, {"model": "restaurant.questions", "pk": 7, "fields": {"question_text": "как вы увеличили скорость работы сайта настолько? Я тоже так хочу!!", "sign": "Админ-рыбоед", "moderated": false, "answer_text": "Отвечаем: мы просто используем кеширование. В принципе с продуктами наверное тоже так можно, самые востребованные позиции у нас практически заранее готовятся. Как-то так", "created_at": "2024-09-16T23:59:26.065Z"}}, {"model": "restaurant.questions", "pk": 29, "fields": {"question_text": "Насколько долго еще работу делать?", "sign": "Кот", "moderated": true, "answer_text": "", "created_at": "2024-09-17T14:00:58.303Z"}}, {"model": "restaurant.questions", "pk": 30, "fields": {"question_text": "как избавиться от мух", "sign": "???", "moderated": false, "answer_text": null, "created_at": "2024-09-17T23:11:46.200Z"}}, {"model": "restaurant.questions", "pk": 31, "fields": {"question_text": "как избавиться от мух", "sign": "???", "moderated": false, "answer_text": null, "created_at": "2024-09-17T23:13:52.940Z"}}, {"model": "restaurant.questions", "pk": 32, "fields": {"question_text": "как избавиться от мух", "sign": "???", "moderated": false, "answer_text": null, "created_at": "2024-09-17T23:15:43.787Z"}}, {"model": "restaurant.questions", "pk": 33, "fields": {"question_text": "как избавиться от мух", "sign": "???", "moderated": false, "answer_text": null, "created_at": "2024-09-17T23:19:15.435Z"}}, {"model": "restaurant.questions", "pk": 34, "fields": {"question_text": "как избавиться от мух", "sign": "???", "moderated": false, "answer_text": null, "created_at": "2024-09-17T23:21:55.056Z"}}, {"model": "django_celery_beat.intervalschedule", "pk": 1, "fields": {"every": 60, "period": "seconds"}}, {"model": "django_celery_beat.crontabschedule", "pk": 1, "fields": {"minute": "0", "hour": "4", "day_of_month": "*", "month_of_year": "*", "day_of_week": "*", "timezone": "UTC"}}, {"model": "django_celery_beat.periodictasks", "pk": 1, "fields": {"last_update": "2024-09-17T21:55:23.938Z"}}, {"model": "django_celery_beat.periodictask", "pk": 5, "fields": {"name": "celery.backend_cleanup", "task": "celery.backend_cleanup", "interval": null, "crontab": 1, "solar": null, "clocked": null, "args": "[]", "kwargs": "{}", "queue": null, "exchange": null, "routing_key": null, "headers": "{}", "priority": null, "expires": null, "expire_seconds": 43200, "one_off": false, "start_time": null, "enabled": true, "last_run_at": null, "total_run_count": 0, "date_changed": "2024-09-17T21:55:23.899Z", "description": ""}}, {"model": "django_celery_beat.periodictask", "pk": 6, "fields": {"name": "restaurant.tasks.find_active_bookings", "task": "restaurant.tasks.find_active_bookings", "interval": 1, "crontab": null, "solar": null, "clocked": null, "args": "[]", "kwargs": "{}", "queue": null, "exchange": null, "routing_key": null, "headers": "{}", "priority": null, "expires": null, "expire_seconds": null, "one_off": false, "start_time": null, "enabled": true, "last_run_at": "2024-09-17T22:03:51.217Z", "total_run_count": 64, "date_changed": "2024-09-17T22:04:27.784Z", "description": ""}}]