[{"model": "restaurant.table", "pk": 1, "fields": {"number": 1, "places": 4, "flour": 1, "description": "столик у двери"}}, {"model": "restaurant.table", "pk": 2, "fields": {"number": 2, "places": 6, "flour": 1, "description": "столик у стены"}}, {"model": "restaurant.table", "pk": 3, "fields": {"number": 3, "places": 4, "flour": 1, "description": "столик у окна"}}, {"model": "restaurant.table", "pk": 4, "fields": {"number": 4, "places": 4, "flour": 1, "description": "столик возле акулы"}}, {"model": "restaurant.table", "pk": 5, "fields": {"number": 5, "places": 4, "flour": 1, "description": "столик рядом с барной стойкой"}}, {"model": "restaurant.table", "pk": 6, "fields": {"number": 6, "places": 4, "flour": 1, "description": "столик первый посередине"}}, {"model": "restaurant.table", "pk": 7, "fields": {"number": 7, "places": 4, "flour": 1, "description": "столик второй посередине"}}, {"model": "restaurant.table", "pk": 8, "fields": {"number": 8, "places": 6, "flour": 1, "description": "большой столик посередине"}}, {"model": "restaurant.table", "pk": 9, "fields": {"number": 9, "places": 2, "flour": 1, "description": "столик посередине рядом с баром"}}, {"model": "restaurant.table", "pk": 10, "fields": {"number": 10, "places": 4, "flour": 1, "description": "столик у двери за перегородкой"}}, {"model": "restaurant.table", "pk": 11, "fields": {"number": 11, "places": 6, "flour": 1, "description": "столик отгороженый у стены первый от входа"}}, {"model": "restaurant.table", "pk": 12, "fields": {"number": 12, "places": 4, "flour": 1, "description": "столик в нише у стены второй от входа"}}, {"model": "restaurant.table", "pk": 13, "fields": {"number": 13, "places": 4, "flour": 1, "description": "столик в нише у стены третий от входа"}}, {"model": "restaurant.table", "pk": 14, "fields": {"number": 14, "places": 4, "flour": 1, "description": "столик у стены ближайший к барной стойке"}}, {"model": "restaurant.booking", "pk": 7, "fields": {"user": 3, "table": 1, "places": 2, "description": null, "notification": 2, "date_field": "2024-09-14", "time_start": "18:00:00", "time_end": "22:00:00", "active": false, "created_at": "2024-09-12T19:32:32.099Z"}}, {"model": "restaurant.booking", "pk": 9, "fields": {"user": 3, "table": 1, "places": 2, "description": null, "notification": 0, "date_field": "2024-09-14", "time_start": "18:00:00", "time_end": "22:00:00", "active": true, "created_at": "2024-09-12T19:41:19.961Z"}}, {"model": "restaurant.booking", "pk": 10, "fields": {"user": 3, "table": 1, "places": 2, "description": null, "notification": 0, "date_field": "2024-09-14", "time_start": "22:01:00", "time_end": "23:00:00", "active": true, "created_at": "2024-09-12T19:44:41.078Z"}}, {"model": "restaurant.booking", "pk": 18, "fields": {"user": null, "table": 6, "places": 2, "description": null, "notification": 0, "date_field": "2024-09-13", "time_start": "17:00:00", "time_end": "20:00:00", "active": true, "created_at": "2024-09-13T07:39:07.448Z"}}, {"model": "restaurant.booking", "pk": 29, "fields": {"user": 3, "table": 1, "places": 2, "description": "", "notification": 3, "date_field": "2024-09-14", "time_start": "12:00:00", "time_end": "16:00:00", "active": false, "created_at": "2024-09-13T19:42:23.339Z"}}, {"model": "restaurant.booking", "pk": 30, "fields": {"user": 3, "table": 2, "places": 2, "description": "подать мне омара!", "notification": 0, "date_field": "2024-09-14", "time_start": "18:00:00", "time_end": "20:00:00", "active": false, "created_at": "2024-09-13T19:44:09.828Z"}}, {"model": "restaurant.booking", "pk": 32, "fields": {"user": 3, "table": 2, "places": 2, "description": "настоящее время", "notification": 2, "date_field": "2024-09-14", "time_start": "18:00:00", "time_end": "20:00:00", "active": false, "created_at": "2024-09-13T20:39:59.881Z"}}, {"model": "restaurant.booking", "pk": 35, "fields": {"user": 1, "table": 2, "places": 2, "description": "", "notification": 0, "date_field": "2024-09-15", "time_start": "18:00:00", "time_end": "20:00:00", "active": false, "created_at": "2024-09-15T03:43:06.716Z"}}, {"model": "restaurant.booking", "pk": 36, "fields": {"user": 3, "table": 7, "places": 2, "description": "!!!!!", "notification": 3, "date_field": "2024-09-16", "time_start": "18:00:00", "time_end": "20:00:00", "active": false, "created_at": "2024-09-15T13:02:30.659Z"}}, {"model": "restaurant.booking", "pk": 39, "fields": {"user": 1, "table": 1, "places": 2, "description": "", "notification": 0, "date_field": "2024-09-16", "time_start": "18:00:00", "time_end": "20:00:00", "active": false, "created_at": "2024-09-16T07:03:19.242Z"}}, {"model": "restaurant.booking", "pk": 44, "fields": {"user": 3, "table": 7, "places": 2, "description": "", "notification": 0, "date_field": "2024-09-17", "time_start": "16:00:00", "time_end": "20:00:00", "active": true, "created_at": "2024-09-16T21:14:33.633Z"}}, {"model": "restaurant.booking", "pk": 45, "fields": {"user": 3, "table": 13, "places": 2, "description": "", "notification": 0, "date_field": "2024-09-17", "time_start": "18:00:00", "time_end": "20:00:00", "active": true, "created_at": "2024-09-16T21:16:52.590Z"}}, {"model": "restaurant.booking", "pk": 46, "fields": {"user": 3, "table": 1, "places": 2, "description": "", "notification": 0, "date_field": "2024-09-17", "time_start": "18:00:00", "time_end": "20:00:00", "active": false, "created_at": "2024-09-16T21:21:18.497Z"}}, {"model": "restaurant.booking", "pk": 47, "fields": {"user": 3, "table": 1, "places": 2, "description": "первый пошел", "notification": 0, "date_field": "2024-09-18", "time_start": "10:00:00", "time_end": "11:00:00", "active": true, "created_at": "2024-09-17T15:59:41.740Z"}}, {"model": "restaurant.booking", "pk": 48, "fields": {"user": 3, "table": 13, "places": 2, "description": "", "notification": 0, "date_field": "2024-09-17", "time_start": "22:45:00", "time_end": "23:00:00", "active": true, "created_at": "2024-09-17T19:42:10.795Z"}}, {"model": "restaurant.booking", "pk": 49, "fields": {"user": 3, "table": 7, "places": 2, "description": "1111", "notification": 3, "date_field": "2024-09-18", "time_start": "10:00:00", "time_end": "11:00:00", "active": true, "created_at": "2024-09-17T21:43:32.541Z"}}, {"model": "restaurant.booking", "pk": 50, "fields": {"user": 3, "table": 8, "places": 2, "description": "", "notification": 0, "date_field": "2024-09-18", "time_start": "11:00:00", "time_end": "12:00:00", "active": true, "created_at": "2024-09-17T21:50:56.064Z"}}, {"model": "restaurant.booking", "pk": 51, "fields": {"user": 3, "table": 9, "places": 2, "description": "", "notification": 3, "date_field": "2024-09-18", "time_start": "12:00:00", "time_end": "13:00:00", "active": true, "created_at": "2024-09-17T21:51:23.457Z"}}, {"model": "restaurant.booking", "pk": 52, "fields": {"user": 3, "table": 10, "places": 2, "description": "", "notification": 2, "date_field": "2024-09-18", "time_start": "13:00:00", "time_end": "14:00:00", "active": true, "created_at": "2024-09-17T21:52:10.932Z"}}, {"model": "restaurant.booking", "pk": 53, "fields": {"user": 3, "table": 11, "places": 2, "description": "", "notification": 1, "date_field": "2024-09-18", "time_start": "14:00:00", "time_end": "15:00:00", "active": true, "created_at": "2024-09-17T21:52:34.642Z"}}, {"model": "restaurant.booking", "pk": 54, "fields": {"user": 1, "table": 14, "places": 2, "description": "", "notification": 1, "date_field": "2024-09-18", "time_start": "10:00:00", "time_end": "15:00:00", "active": false, "created_at": "2024-09-17T22:01:12.598Z"}}, {"model": "restaurant.contenttext", "pk": 1, "fields": {"title": "home-about", "body": "Мы - ресторан, специализирующийся на рыбных блюдах.\r\n            У нас есть любая рыба, которую вы можете вообразить: от вяленой корюшки до рыбы фугу.\r\n            Моллюски, креветки, осьминог в собственных чернилах - и это у нас есть.\r\n            Добро пожаловать к нам!\r\n            Hungry Shark - накорми акулу внутри себя!"}}, {"model": "restaurant.contenttext", "pk": 2, "fields": {"title": "home-offer", "body": "В нашем ассортименте блюда из рыбы 40 морей и 5 океанов.\r\n            Закажите столик - и мы будем ждать вас в назначенное время.\r\n            У нас имеется отдельный зал для проведения торжественных мероприятий.\r\n            Если вам нужен тамада - у нас он есть! (тамада хороший, и конкурсы интересные =:D ).\r\n            Также мы проводим корпоративые мероприятия по предварительной договоренности.\r\n            По специальной договоренности может быть осуществлена доставка готовых блюд по вашему адресу."}}, {"model": "restaurant.contenttext", "pk": 3, "fields": {"title": "home-adress", "body": "Наш адрес: Санкт-Петербург, Невский проспект 6822, 1 этаж, телефон 89998887766"}}, {"model": "restaurant.contenttext", "pk": 4, "fields": {"title": "about_us-mission-part", "body": "<b>Миссия нашего ресторана</b> - создавать атмосферу уюта и комфорта для посетителей,\r\n                    предлагая им блюда высокой кухни и качественное обслуживание. <br> \r\n                    <b><u>Наши ценности:</u></b> <br> \r\n                    <b>Качество</b> :  Ресторан стремится предоставлять только высококачественные блюда и напитки,\r\n                    используя только свежие и натуральные ингредиенты.<br>\r\n                    <b>Инновации</b> :  Ресторан постоянно работает над усовершенствованием своих блюд и сервиса, внедряя\r\n                    новые технологии и методы.<br>\r\n                    <b>Обслуживание</b>: Сотрудники ресторана стремятся обеспечить высокий уровень обслуживания, уделяя\r\n                    внимание каждому посетителю.<br>\r\n                    <b>Экологичность</b> :  Ресторан уделяет внимание экологическим аспектам своей деятельности,\r\n                    используя экологически чистые продукты и минимизируя отходы.<br>\r\n                    <b>Разнообразие</b> :  Ресторан предлагает широкий выбор блюд разных кухонь мира, чтобы удовлетворить\r\n                    вкусы всех посетителей."}}, {"model": "restaurant.contenttext", "pk": 5, "fields": {"title": "about_us-history-part1", "body": "Ресторан \"Голодная акула\" был открыт в Петербурге в 2007 году. Он был создан в стиле\r\n                    хай-тек и стал одним из самых популярных мест для любителей экзотической кухни."}}, {"model": "restaurant.contenttext", "pk": 6, "fields": {"title": "about_us-history-part2", "body": "В ресторане подают блюда из морепродуктов, рыбы и мяса, приготовленные на гриле. В меню\r\n                    можно найти\r\n                    такие блюда, как крабы, креветки, кальмары, осьминоги и многое другое. Кроме того, ресторан\r\n                    предлагает широкий выбор напитков, включая коктейли и вино.\r\n\r\n                    Ресторан \"Голодная акула\" стал популярным местом среди туристов и местных жителей благодаря своей\r\n                    уникальной атмосфере и высокому качеству блюд. Он также известен своими вечеринками и\r\n                    мероприятиями, которые проводятся здесь регулярно.\r\n\r\n                    Сегодня ресторан \"Голодная акула\" продолжает радовать своих гостей вкусной едой и уютной\r\n                    атмосферой."}}, {"model": "restaurant.contenttext", "pk": 7, "fields": {"title": "about_us-command-part1", "body": "Команда ресторана \"Hungry Shark\" - это группа талантливых и опытных профессионалов, которые работают  вместе, чтобы создать незабываемые впечатления для своих гостей. <br>                    <b>Команда ресторана \"Hungry Shark\":</b><br>"}}, {"model": "restaurant.contenttext", "pk": 8, "fields": {"title": "about_us-command-part2", "body": "<br>\r\n<b>Шеф-повар:</b> отвечает за приготовление блюд и разработку новых рецептов. Он также следит за  качеством  продуктов и соблюдением всех санитарных норм.<br>\r\n<b>Официанты:</b> заботятся о том, чтобы гости получили максимальное удовольствие от еды и напитков. Они  также помогают с выбором блюд и напитков, а также отвечают на вопросы гостей.<br>\r\n<b>Бармены:</b> создают уникальные коктейли, которые порадуют гостей своим вкусом и ароматом. Они также следят за наличием всех необходимых ингредиентов и качеством напитков.<br>\r\n<b>Хостесс:</b> приветствуют гостей и помогают им найти свободные столики. Они также отвечают за  бронирование столов и организацию мероприятий.<br>\r\n<b>Технический персонал:</b> обеспечивает работу всех технических устройств в ресторане, таких как холодильники, посудомоечные машины и т.д.<br>\r\n<b>Администраторы:</b> отвечают за управление рестораном, включая управление персоналом, бухгалтерию и  контроль над всеми процессами.<br>\r\n<b>Маркетологи:</b> занимаются продвижением ресторана и привлечением новых клиентов.<br>\r\n<b>Менеджеры по продажам:</b> отвечают за продажу продуктов и услуг ресторана.<br>\r\n<b>Фотографы:</b> фотографируют блюда и интерьеры ресторана для использования в социальных сетях и на  сайте.<br>\r\n<b>Контент-менеджеры:</b> создают и публикуют контент для социальных сетей ресторана, включая  фотографии,  видео и статьи о блюдах.<br>"}}, {"model": "restaurant.contenttext", "pk": 12, "fields": {"title": "booking_create", "body": "В нашем ресторане вы можете забронировать столик на удобное для вас время."}}, {"model": "restaurant.contenttext", "pk": 13, "fields": {"title": "questions_and_answers", "body": "Здесь вы можете найти ответы на часто задаваемые вопросы, а также задать свой. Вопросы проходят премодерацию."}}, {"model": "restaurant.contenttext", "pk": 14, "fields": {"title": "question_premoderated", "body": "Спасибо за вопрос, он будет направлен на проверку, получит ответ и затем будет опубликован.\r\nЕсли этот вопрос нам понравится, конечно."}}, {"model": "restaurant.contentimage", "pk": 1, "fields": {"title": "home-about-inside1", "description": "Внутренний интерьер #1", "image": "content/photo/inside2.png"}}, {"model": "restaurant.contentimage", "pk": 2, "fields": {"title": "home-about-inside2", "description": "Внутренний интерьер #2", "image": "content/photo/inside3.png"}}, {"model": "restaurant.contentimage", "pk": 3, "fields": {"title": "home-food1", "description": "рыба фугу", "image": "content/photo/fugu.png"}}, {"model": "restaurant.contentimage", "pk": 4, "fields": {"title": "home-food2", "description": "Осетр", "image": "content/photo/osetr.png"}}, {"model": "restaurant.contentimage", "pk": 5, "fields": {"title": "home-food3", "description": "креветки", "image": "content/photo/shrimp.png"}}, {"model": "restaurant.contentimage", "pk": 6, "fields": {"title": "about_us-inside3", "description": "Интерьер №3", "image": "content/photo/inside.png"}}, {"model": "restaurant.contentimage", "pk": 7, "fields": {"title": "about_us-inside4", "description": "Интерьер №4 (барная стойка)", "image": "content/photo/bar.png"}}, {"model": "restaurant.contentimage", "pk": 8, "fields": {"title": "about_us-team1", "description": "Команда ресторана - шеф-повар", "image": "content/photo/chef.png"}}, {"model": "restaurant.contentimage", "pk": 9, "fields": {"title": "about_us-team2", "description": "Команда поваров", "image": "content/photo/team.png"}}, {"model": "restaurant.contentimage", "pk": 10, "fields": {"title": "about_us-team3", "description": "Бармен", "image": "content/photo/command-bar.png"}}, {"model": "restaurant.contentimage", "pk": 11, "fields": {"title": "booking_create", "description": "tables1", "image": "content/photo/table1.png"}}, {"model": "restaurant.contentimage", "pk": 12, "fields": {"title": "booking_create_2", "description": "tables2", "image": "content/photo/table2.png"}}, {"model": "restaurant.contentimage", "pk": 13, "fields": {"title": "not_found", "description": "Для изменения изображения создайте запись 'Not_found' в таблице ContentImage и загрузите изображение (необходимы полномочия администратора)", "image": ""}}, {"model": "restaurant.contentparameters", "pk": 1, "fields": {"title": "work_start", "body": "10:00", "description": "Начало работы ресторана, формат %HH:%MM"}}, {"model": "restaurant.contentparameters", "pk": 2, "fields": {"title": "work_end", "body": "23:30", "description": "Конец работы ресторана, формат %HH:%MM"}}, {"model": "restaurant.contentparameters", "pk": 3, "fields": {"title": "period_of_booking", "body": "14", "description": "Количество дней, за которые открывается бронирование. Формат int"}}, {"model": "restaurant.contentparameters", "pk": 4, "fields": {"title": "confirm_timedelta", "body": "42", "description": "время для подтверждения бронирования и регистрации пользователя, в минутах. Формат - int"}}, {"model": "restaurant.contentlink", "pk": 1, "fields": {"title": "telegram", "text": "наш Telegram", "link": "https://t.me/TheShadowfish", "description": "<li><a href=\"https://t.me/TheShadowfish\">наш Telegram </a></li>\r\n                <li><a href=\"https://wa.me/79115604350\">наш Whatsapp</a></li>\r\n                <li><a href=\"https://vk.com/shadowfish \">Мы в контакте </a></li>"}}, {"model": "restaurant.contentlink", "pk": 2, "fields": {"title": "whatsup", "text": "наш Whatsapp", "link": "https://wa.me/79115604350", "description": "<li><a href=\"https://t.me/TheShadowfish\">наш Telegram </a></li>\r\n                <li><a href=\"https://wa.me/79115604350\">наш Whatsapp</a></li>\r\n                <li><a href=\"https://vk.com/shadowfish \">Мы в контакте </a></li>"}}, {"model": "restaurant.contentlink", "pk": 3, "fields": {"title": "vkontakte", "text": "Мы в контакте", "link": "https://vk.com/shadowfish", "description": "<li><a href=\"https://t.me/TheShadowfish\">наш Telegram </a></li>\r\n                <li><a href=\"https://wa.me/79115604350\">наш Whatsapp</a></li>\r\n                <li><a href=\"https://vk.com/shadowfish \">Мы в контакте </a></li>"}}, {"model": "restaurant.contentlink", "pk": 4, "fields": {"title": "link_questions_list", "text": "к списку вопросов", "link": "restaurant:question_list", "description": "Внутренняя ссылка к списку вопросов"}}, {"model": "restaurant.bookingtoken", "pk": 15, "fields": {"booking": 29, "created_at": "2024-09-13T19:42:23.343Z", "token": "bf48de41cafa53a58981dd045136b41c"}}, {"model": "restaurant.bookingtoken", "pk": 16, "fields": {"booking": 30, "created_at": "2024-09-13T19:44:09.834Z", "token": "ccb4649a75429a2f65b9cd8270025a4c"}}, {"model": "restaurant.bookingtoken", "pk": 18, "fields": {"booking": 32, "created_at": "2024-09-13T20:39:59.889Z", "token": "ba3b05fca40a9a011e76177091539440"}}, {"model": "restaurant.bookingtoken", "pk": 21, "fields": {"booking": 35, "created_at": "2024-09-15T03:43:06.721Z", "token": "34f4a8417370d0dcdde1fa16e43947d1"}}, {"model": "restaurant.bookingtoken", "pk": 22, "fields": {"booking": 36, "created_at": "2024-09-15T13:02:30.667Z", "token": "e890609983459af5b24fcba73c75717f"}}, {"model": "restaurant.bookingtoken", "pk": 25, "fields": {"booking": 39, "created_at": "2024-09-16T07:03:19.253Z", "token": "d7ec2678691381c2d9586d60ed373bbe"}}, {"model": "restaurant.bookingtoken", "pk": 41, "fields": {"booking": 54, "created_at": "2024-09-17T22:01:12.603Z", "token": "15097410acd60dc5ee5eccbc9921828f"}}, {"model": "restaurant.questions", "pk": 1, "fields": {"question_text": "Каковы часы работы вашего ресторана? Как я могу забронировать место?", "sign": "Anonimus", "moderated": true, "answer_text": "В настоящий момент часы работы с 10.00 до 23.50. Чтобы забронировать место, вам необходимо зарегистрироваться на сайте через электронную почту. При неоднократной неявке по активной регистрации за нами остается право вас забанить, вычислить по IP и скормить нашей домашней акуле. Успехов.\r\n\r\n ps: анонимус пишется как anonimous. Не благодарите.", "created_at": "2024-09-14T13:25:22.312Z"}}, {"model": "restaurant.questions", "pk": 3, "fields": {"question_text": "Насколько велика вероятность насмерть отравиться рыбой фугу?", "sign": "Осторожный рыбоед", "moderated": true, "answer_text": "Вероятность отравиться рыбой фугу зависит от того, насколько профессиональные повара её готовили. В нашем ресторане работают повара высочайшего класса, получившие сертификаты непосредственно в Японии о том, что они могут готовить эту рыбу. Ни одного случая отравления за все время работы нашего ресторана не наблюдалось.", "created_at": "2024-09-14T15:54:26.813Z"}}, {"model": "restaurant.questions", "pk": 4, "fields": {"question_text": "Насколько большие порции вы можете приготовить? Привык съедать не менее 3 килограммов.", "sign": "Большая акула", "moderated": true, "answer_text": "Мы несомненно можем приготовить гораздо больше, чем вы способны съесть. Главное заранее укажите чего и сколько вам нужно в описании при бронировании столика. Мы приготовим. Как говориться - любой каприз за ваши деньги $_$", "created_at": "2024-09-14T16:49:54.508Z"}}, {"model": "restaurant.questions", "pk": 5, "fields": {"question_text": "Насколько большие порции вы можете приготовить? Привык съедать не менее 3 килограммов.", "sign": "Большая акула", "moderated": false, "answer_text": "", "created_at": "2024-09-14T16:53:36.505Z"}}, {"model": "restaurant.questions", "pk": 7, "fields": {"question_text": "как вы увеличили скорость работы сайта настолько? Я тоже так хочу!!", "sign": "Админ-рыбоед", "moderated": false, "answer_text": "Отвечаем: мы просто используем кеширование. В принципе с продуктами наверное тоже так можно, самые востребованные позиции у нас практически заранее готовятся. Как-то так", "created_at": "2024-09-16T23:59:26.065Z"}}, {"model": "restaurant.questions", "pk": 29, "fields": {"question_text": "Насколько долго еще работу делать?", "sign": "Кот", "moderated": true, "answer_text": "", "created_at": "2024-09-17T14:00:58.303Z"}}, {"model": "restaurant.questions", "pk": 30, "fields": {"question_text": "как избавиться от мух", "sign": "???", "moderated": false, "answer_text": null, "created_at": "2024-09-17T23:11:46.200Z"}}, {"model": "restaurant.questions", "pk": 31, "fields": {"question_text": "как избавиться от мух", "sign": "???", "moderated": false, "answer_text": null, "created_at": "2024-09-17T23:13:52.940Z"}}, {"model": "restaurant.questions", "pk": 32, "fields": {"question_text": "как избавиться от мух", "sign": "???", "moderated": false, "answer_text": null, "created_at": "2024-09-17T23:15:43.787Z"}}, {"model": "restaurant.questions", "pk": 33, "fields": {"question_text": "как избавиться от мух", "sign": "???", "moderated": false, "answer_text": null, "created_at": "2024-09-17T23:19:15.435Z"}}, {"model": "restaurant.questions", "pk": 34, "fields": {"question_text": "как избавиться от мух", "sign": "???", "moderated": false, "answer_text": null, "created_at": "2024-09-17T23:21:55.056Z"}}]